Date,Open,High,Low,Close ,Adj Close ,Volume
29-Apr-25,543.79,550.87,541.3,549.23,549.23,"1,080,342"
28-Apr-25,544.86,554.5,542.47,546.4,546.4,"1,458,100"
25-Apr-25,544.6,549.09,541.22,544.86,544.86,"1,612,700"
20-Apr-25,505.4,551.79,494.68,544.86,544.86,"12,257,800"
13-Apr-25,510,518.65,492.69,509.49,509.49,"12,247,400"
6-Apr-25,446.9,522,439.38,494.44,494.44,"26,763,500"
30-Mar-25,533.82,567.32,460,470.81,470.81,"20,184,500"
23-Mar-25,575,592.64,537.71,543.12,543.12,"10,571,400"
16-Mar-25,541.23,568.44,540,565.14,565.14,"14,203,300"
9-Mar-25,542.3,546.47,520.06,541.41,541.41,"17,877,900"
2-Mar-25,622.4,628.78,544.91,559.67,559.67,"18,215,800"
23-Feb-25,633.51,637.3,604.01,622.29,619.22,"13,894,700"
16-Feb-25,662.59,672.19,623.43,625.6,622.51,"11,233,500"
9-Feb-25,659.02,663.26,639.11,660.55,657.29,"11,636,600"
2-Feb-25,626,663.87,622.48,655.9,652.66,"10,810,100"
26-Jan-25,625,650,624.46,640.4,637.24,"11,417,600"
19-Jan-25,616.81,645.54,609,636.9,633.76,"13,678,600"
12-Jan-25,557.88,627,556.76,625.94,622.85,"15,862,600"
5-Jan-25,584.98,593.65,558.01,560,557.24,"8,610,200"
29-Dec-24,567.27,584.31,565.1,580.13,577.27,"5,963,300"
22-Dec-24,565,582.79,561.8,576.18,573.34,"5,010,900"
15-Dec-24,588,588.27,544.49,566.1,563.31,"14,568,200"
8-Dec-24,598.99,603,583.76,585.48,582.59,"8,862,700"
1-Dec-24,608,611.91,594.37,599.68,593.78,"8,218,000"
24-Nov-24,608.79,612.73,593,608.57,602.58,"8,382,000"
17-Nov-24,594.71,603.94,575.51,602.78,596.85,"9,619,200"
10-Nov-24,598.9,607.15,586.24,593.54,587.7,"10,345,000"
3-Nov-24,518,598.61,510.51,589.26,583.46,"19,200,100"
27-Oct-24,515.4,530.79,514.53,519.35,514.24,"8,097,000"
20-Oct-24,528,529.85,510.74,512.6,507.56,"8,294,700"
13-Oct-24,517.65,540.51,515.51,528.5,523.3,"13,252,000"
6-Oct-24,494.63,517.97,490.79,516.3,511.22,"7,884,600"
29-Sep-24,494.89,496.52,484.2,495.16,490.29,"7,588,400"
22-Sep-24,498.21,505.4,490.4,498.51,493.6,"6,550,700"
15-Sep-24,481.43,506.41,479.49,498.43,493.53,"12,158,000"
8-Sep-24,485.53,494.28,457.48,478.99,474.28,"11,000,500"
1-Sep-24,507.47,509.7,477.06,479.61,474.89,"7,706,900"
25-Aug-24,512.34,513.5,498.47,510.25,502.26,"7,035,400"
18-Aug-24,505,512.44,494.03,509.42,501.44,"6,763,300"
11-Aug-24,490.26,506.91,483.75,504.26,496.36,"7,947,900"
4-Aug-24,447.59,492,437.37,490.26,482.58,"12,533,200"
28-Jul-24,500.42,517.26,467.21,470.64,463.27,"17,023,200"
21-Jul-24,484.56,504,482.38,499.03,491.21,"9,151,000"
14-Jul-24,480.25,509.48,476.31,484.93,477.33,"16,811,700"
7-Jul-24,467.65,483.44,461.58,479.88,472.36,"13,664,600"
30-Jun-24,454.51,469.89,454.01,464.75,457.47,"5,930,000"
23-Jun-24,451.25,464.08,442.8,452.32,445.24,"12,322,200"
16-Jun-24,445.1,460.41,443.39,450.18,443.13,"9,329,800"
9-Jun-24,452.33,457.64,439.15,446.46,439.47,"8,778,000"
2-Jun-24,458.87,464.52,449.21,454.91,447.78,"8,778,700"
26-May-24,459.94,463.69,447.6,456.52,446.67,"9,019,800"
19-May-24,468.2,471.48,457.41,461.18,451.23,"12,270,300"
12-May-24,456.27,468.66,453.32,467.72,457.62,"9,936,400"
5-May-24,441.75,458.75,439.68,454.73,444.92,"10,513,300"
28-Apr-24,427.57,442.3,425.19,438.18,428.72,"11,086,800"
21-Apr-24,406.94,428.53,404.57,427.57,418.34,"12,696,600"
14-Apr-24,407,412.87,395.18,404,395.28,"19,591,900"
7-Apr-24,409.1,413.22,387.12,389.49,381.08,"9,324,100"
31-Mar-24,416.68,419,401.47,408.07,399.26,"8,788,300"
24-Mar-24,406.87,419.2,403.86,417.69,408.67,"7,854,200"
17-Mar-24,388.65,416.76,383.41,406.82,398.04,"12,888,000"
10-Mar-24,385.67,396.38,381.42,387.21,378.85,"12,521,700"
3-Mar-24,388.81,397.49,384.52,386.99,378.64,"11,035,600"
25-Feb-24,391.05,396.06,385.25,388.1,377.05,"10,932,400"
18-Feb-24,380.95,396.79,380.85,391.05,379.92,"8,706,200"
11-Feb-24,385,396.35,375.2,384.44,373.5,"12,464,700"
4-Feb-24,384.6,388.11,381,384.26,373.32,"9,624,000"
28-Jan-24,375.89,393.91,374.24,387.86,376.82,"13,270,700"
21-Jan-24,386.36,392.73,376.75,377.79,367.03,"14,312,800"
14-Jan-24,378.36,385.01,372.07,382.2,371.32,"10,711,600"
7-Jan-24,385.97,389.08,374.68,377.75,367,"9,591,700"
31-Dec-23,383,389.47,376.76,386.44,375.44,"9,060,600"
24-Dec-23,380.65,387.76,380.05,385.77,374.79,"4,110,500"
17-Dec-23,381.26,385.13,374.55,380.65,369.81,"9,509,000"
10-Dec-23,351.44,386.2,349.05,380.51,369.68,"16,008,000"
3-Dec-23,346.3,352.29,340.54,350.83,340.84,"10,878,300"
26-Nov-23,339.19,348.89,334.87,348.43,335.75,"10,234,000"
19-Nov-23,340,341.32,334.55,339.15,326.81,"6,742,200"
12-Nov-23,324.16,341.78,323.53,339.19,326.85,"10,616,100"
5-Nov-23,326.66,328.9,319.66,325.51,313.67,"8,646,300"
29-Oct-23,293.45,329.33,293.29,327.62,315.7,"14,359,400"
22-Oct-23,298.29,303.55,289.36,289.91,279.36,"11,079,100"
15-Oct-23,313.18,316.18,298.1,300.05,289.13,"15,397,700"
8-Oct-23,308.9,316.85,308.02,309.3,298.05,"7,473,600"
1-Oct-23,322.03,323.58,303.48,312.48,301.11,"9,474,100"
24-Sep-23,327.07,329.29,318.98,323.57,311.8,"6,601,600"
17-Sep-23,342.54,344.97,326.83,327.89,315.96,"7,595,400"
10-Sep-23,328.26,346.19,324,342.54,330.08,"11,384,300"
3-Sep-23,327.34,328.48,319.31,325.52,313.68,"7,464,300"
27-Aug-23,321.34,332.7,321.34,327.4,312.88,"6,875,800"
20-Aug-23,325.39,327.49,318,320.15,305.95,"7,568,000"
13-Aug-23,337.41,338.45,323.2,324.93,310.52,"11,210,400"
6-Aug-23,355.4,357.67,337.55,340.73,325.62,"7,106,300"
30-Jul-23,354.88,358.73,348.62,353.22,337.55,"9,081,500"
23-Jul-23,352.83,361.62,351.61,353.23,337.56,"12,530,300"
16-Jul-23,325.89,355.08,324.36,351.96,336.35,"18,845,200"
9-Jul-23,316.67,333.35,314.58,326.19,311.72,"11,162,300"
2-Jul-23,322.41,329.4,312.7,315.17,301.19,"9,465,900"
25-Jun-23,315.13,326.03,310.56,322.54,308.24,"12,976,100"
18-Jun-23,335.32,335.38,314.07,314.71,300.75,"10,385,100"
11-Jun-23,338.44,347.73,335.7,338.31,323.31,"13,748,100"
4-Jun-23,322.93,337.84,320.32,336.02,321.12,"10,052,800"
28-May-23,332.08,332.53,314.02,323.65,306.96,"12,264,000"
21-May-23,326.15,332.87,318.8,332.01,314.89,"8,826,100"
14-May-23,320.42,331.95,318.06,326.15,309.33,"8,086,200"
7-May-23,329.64,330.3,317.32,319.5,303.02,"7,226,800"
30-Apr-23,344.05,347.46,318.56,327.02,310.16,"10,976,000"
23-Apr-23,341.99,345.06,334.64,343.44,325.73,"9,627,100"
16-Apr-23,336,342.36,326.13,341.66,324.04,"17,683,800"
9-Apr-23,322.4,339.63,321.31,336.92,319.54,"8,577,600"
2-Apr-23,326.14,328.98,319.37,322.4,305.77,"5,985,900"
26-Mar-23,318.62,327.33,316.12,327.11,310.24,"8,738,200"
19-Mar-23,306.78,322.22,305.36,312.57,296.45,"14,754,600"
12-Mar-23,319.67,326.38,301.87,303.54,287.89,"26,812,200"
5-Mar-23,358.06,358.86,326.03,327.67,310.77,"12,984,800"
26-Feb-23,368.22,370.3,340.49,357.09,336.27,"16,161,400"
19-Feb-23,366.72,367.88,358.04,363.85,342.63,"8,966,800"
12-Feb-23,369.09,377.05,366.86,368.5,347.01,"9,218,400"
5-Feb-23,369,379.68,364.56,371.28,349.63,"9,900,800"
29-Jan-23,353.29,374.57,352.4,369.95,348.38,"13,248,100"
22-Jan-23,341.67,355.99,336.16,353.7,333.07,"13,619,500"
15-Jan-23,364.8,366.79,338.21,341.84,321.91,"34,381,100"
8-Jan-23,351.88,374.35,349.5,374,352.19,"11,139,400"
1-Jan-23,345.5,350.31,340.14,348.08,327.78,"7,966,300"
25-Dec-22,346.51,347.75,339.3,343.38,323.36,"4,457,200"
18-Dec-22,346.27,350.88,339.88,345.51,325.36,"7,783,700"
11-Dec-22,358.57,378.56,343.41,346.35,326.15,"15,505,200"
4-Dec-22,378.55,378.87,356.06,359.14,338.2,"11,096,300"
27-Nov-22,385.43,388.39,375.1,380.58,356.05,"10,581,800"
20-Nov-22,378.9,389.44,375.42,388.86,363.8,"6,891,600"
13-Nov-22,384,389.58,375.01,379.2,354.76,"12,787,300"
6-Nov-22,360.01,387,358.52,385.17,360.35,"16,274,900"
30-Oct-22,341.07,358.38,340.57,357.91,334.84,"13,450,100"
23-Oct-22,328.5,342.58,325.85,341.82,319.79,"9,922,900"
16-Oct-22,304.41,325.77,304.14,325.1,304.15,"17,839,000"
9-Oct-22,303.63,311.62,287.75,299.99,280.66,"10,588,700"
2-Oct-22,297.17,315.16,291.1,301.08,281.68,"9,488,600"
25-Sep-22,299,302.41,288.62,293.05,274.16,"10,507,500"
18-Sep-22,320.57,329.79,297.46,301.97,282.51,"10,177,700"
11-Sep-22,341.66,344.37,319.79,326.21,305.19,"10,194,800"
4-Sep-22,332.32,341.03,323.25,340.1,318.18,"6,275,900"
28-Aug-22,333.92,340.32,324.62,331.48,307.79,"9,944,400"
21-Aug-22,342.44,348.74,336,336.4,312.36,"8,260,500"
14-Aug-22,351,358.62,347.5,349.27,324.31,"8,277,400"
7-Aug-22,337.11,356.05,334.34,353.82,328.54,"10,237,200"
31-Jul-22,331.73,336.91,327.22,334.67,310.75,"8,519,800"
24-Jul-22,325.97,335.18,317.76,333.39,309.57,"12,094,000"
17-Jul-22,305.76,329.05,298.71,323.93,300.78,"20,247,900"
10-Jul-22,293.2,299.08,277.84,293.87,272.87,"11,805,600"
3-Jul-22,293,300.89,288.36,296.47,275.28,"7,740,800"
26-Jun-22,303.06,308.97,291.72,299.23,277.85,"11,263,100"
19-Jun-22,287.77,303.13,278.93,302.75,281.12,"11,500,700"
12-Jun-22,279,294.48,278.15,279.79,259.8,"17,443,300"
5-Jun-22,323,325.21,286.85,287.02,266.51,"11,818,000"
29-May-22,324.01,329.72,315.83,318.68,294.11,"8,249,500"
22-May-22,312.72,328.67,306.43,328.58,303.24,"11,000,500"
15-May-22,305.95,314.32,299.41,306.8,283.14,"10,008,100"
8-May-22,308.92,315.15,293.9,306.99,283.32,"13,913,800"
1-May-22,305.81,324.8,302.21,312.96,288.83,"13,201,400"
24-Apr-22,316.38,322.16,304.71,305.49,281.93,"13,660,200"
17-Apr-22,320.65,347.35,319.47,319.77,295.11,"15,691,300"
10-Apr-22,320.61,333.03,314.72,321.64,296.84,"13,596,700"
3-Apr-22,330,331.87,308.2,321.39,296.61,"15,151,400"
27-Mar-22,338.15,344,327.57,330.22,304.76,"12,288,300"
20-Mar-22,345.26,346.3,334.3,337.49,311.47,"11,963,100"
13-Mar-22,329.21,346.77,322.9,345.38,318.75,"16,216,800"
6-Mar-22,326.82,337.47,318.55,327,301.78,"15,334,500"
27-Feb-22,340.25,343.84,324,329.67,302.47,"19,033,900"
20-Feb-22,342.46,350.7,326.95,350.12,321.23,"12,352,600"
13-Feb-22,363.06,365.89,343.37,346.04,317.48,"12,610,600"
6-Feb-22,365.49,377.4,360.77,363.06,333.1,"13,856,600"
30-Jan-22,344.6,370.95,343.44,367.6,337.27,"15,493,700"
23-Jan-22,337.32,350.48,326.23,347.01,318.37,"20,563,000"
16-Jan-22,360.04,361.57,340.72,343.91,315.53,"30,053,600"
9-Jan-22,401.32,404.37,375,380.94,349.5,"16,099,300"
2-Jan-22,389,412.66,386.43,397.51,364.71,"16,041,900"
26-Dec-21,386.99,391.33,380.84,382.55,350.98,"7,047,800"
19-Dec-21,375.52,387.61,366.65,385.04,353.27,"9,790,300"
12-Dec-21,391.19,399.84,380.6,381.8,350.29,"18,540,900"
5-Dec-21,388.67,401.75,383.49,391.06,358.79,"10,071,700"
28-Nov-21,394,396.37,376.03,382.73,349.3,"16,081,000"
21-Nov-21,393.16,407.48,382.72,389.39,355.38,"10,335,200"
14-Nov-21,406,407.34,381.04,387.39,353.56,"10,132,300"
7-Nov-21,409.89,413.65,397.25,404.91,369.55,"8,831,700"
31-Oct-21,417.07,426.16,403.03,407.08,371.53,"14,271,900"
24-Oct-21,416.21,419.81,409.06,413.35,377.25,"9,241,600"
17-Oct-21,408.01,415.94,404.62,414.32,378.13,"13,427,100"
10-Oct-21,392.9,407.27,378.63,406.07,370.61,"16,099,500"
3-Oct-21,380.21,397.85,372.82,392.81,358.5,"11,310,200"
26-Sep-21,396.58,404.21,375.85,380,346.81,"12,400,500"
19-Sep-21,377.82,393.74,372.5,390.85,356.71,"13,510,800"
12-Sep-21,407.41,417.01,388.83,391.46,357.27,"14,992,400"
5-Sep-21,411,414.73,403.16,403.48,368.24,"7,583,800"
29-Aug-21,419.95,420.76,408.76,411.31,373.57,"8,931,900"
22-Aug-21,401.89,420.73,399,419.69,381.18,"9,912,300"
15-Aug-21,408.99,408.99,390.91,395.87,359.55,"9,709,500"
8-Aug-21,396.59,418.62,393.58,410.78,373.09,"13,764,700"
1-Aug-21,376.17,398.86,371.77,397.89,361.38,"10,577,900"
25-Jul-21,373.18,379.95,369.22,374.88,340.48,"7,791,300"
18-Jul-21,354,378,349,374.05,339.73,"13,325,300"
11-Jul-21,370.31,385.33,363.83,364.8,331.33,"18,665,600"
4-Jul-21,373.23,373.63,355.59,371.76,337.65,"9,758,000"
27-Jun-21,367.8,381.64,363.86,374.16,339.83,"10,607,600"
20-Jun-21,352.89,371.15,351.04,368.77,334.94,"11,800,200"
13-Jun-21,377.43,378.75,348.13,348.83,316.82,"18,564,000"
6-Jun-21,393,393.26,372.35,378.05,343.36,"12,685,300"
30-May-21,377.7,392.05,376.31,391.45,355.53,"11,971,700"
23-May-21,367.32,373.77,361.91,372.02,336.75,"12,653,200"
16-May-21,367.78,373.08,353.35,366.26,331.54,"12,117,800"
9-May-21,373.5,376.98,353.25,368.77,333.81,"15,846,600"
2-May-21,350.34,371.65,342.57,370.89,335.73,"13,916,700"
25-Apr-21,341.94,353.83,340.89,348.45,315.41,"11,086,500"
18-Apr-21,340,344.43,327.56,339.35,307.18,"13,952,800"
11-Apr-21,332.67,344.47,324.18,342.31,309.86,"24,358,200"
4-Apr-21,332.85,334.9,322.97,330.81,299.45,"11,943,900"
28-Mar-21,320.35,335.75,317.72,327.64,296.58,"12,534,000"
21-Mar-21,341.06,342.88,321.92,327.39,296.35,"13,771,500"
14-Mar-21,349.44,356.85,337.75,344.2,311.57,"14,545,700"
7-Mar-21,331.36,350,325.57,348.81,315.74,"14,669,200"
28-Feb-21,325,340.1,316.46,327.37,295.17,"16,802,200"
21-Feb-21,313,335.81,310.58,319.48,288.06,"18,015,400"
14-Feb-21,310,316.78,307.58,315.62,284.58,"9,968,100"
7-Feb-21,295,306.7,294.5,306.32,276.19,"12,248,800"
31-Jan-21,272.66,297.24,272,293.5,264.63,"16,165,200"
24-Jan-21,285.53,286.35,270.62,271.17,244.5,"18,954,300"
17-Jan-21,305,306.6,285.5,289.39,260.93,"16,605,200"
10-Jan-21,286.8,309.41,284.2,301.01,271.41,"16,933,800"
3-Jan-21,267,295.89,260.16,290.08,261.55,"20,973,100"
27-Dec-20,257.81,263.93,256.5,263.71,237.77,"7,833,900"
20-Dec-20,250.29,260.85,248.76,256.16,230.97,"15,352,500"
13-Dec-20,243.28,245.93,237.19,242.13,218.32,"13,748,400"
6-Dec-20,238.54,245.36,235.45,239.99,216.39,"11,331,700"
29-Nov-20,232.05,239.75,230.36,239.58,214.85,"11,934,900"
22-Nov-20,226.06,238.12,225.73,235.4,211.1,"10,609,700"
15-Nov-20,223.53,227.72,218.33,223.35,200.29,"11,937,100"
8-Nov-20,214.49,220.96,209.37,219.08,196.46,"19,645,300"
1-Nov-20,192,204.39,188.23,201.26,180.48,"16,241,500"
25-Oct-20,202.49,202.81,185.52,189.04,169.52,"18,134,700"
18-Oct-20,207.39,211.38,202.01,205.04,183.87,"13,901,500"
11-Oct-20,207.41,214.89,205.81,206.21,184.92,"21,911,800"
4-Oct-20,201.93,209.81,199.59,207.54,186.11,"13,082,800"
27-Sep-20,197.78,203.13,195.29,199.9,179.26,"13,585,800"
20-Sep-20,189.9,197.46,185.87,194.95,174.82,"19,563,800"
13-Sep-20,203.3,203.8,192.38,194.86,174.74,"23,387,000"
6-Sep-20,209.51,209.96,198.95,200.92,180.18,"14,142,800"
30-Aug-20,205.5,215.23,203.01,210.94,188.02,"16,270,800"
23-Aug-20,203.11,213,201.32,207.71,185.15,"15,678,000"
16-Aug-20,207,207.85,199.82,202.43,180.44,"12,994,100"
9-Aug-20,209.59,216.95,206.61,207.97,185.38,"13,422,400"
2-Aug-20,198.49,208.8,196.53,208.27,185.65,"11,429,100"
26-Jul-20,200.1,204.18,196.3,197.96,176.46,"12,833,400"
19-Jul-20,210.73,213.81,201.32,201.47,179.58,"17,920,700"
12-Jul-20,209,225.24,207,211.41,188.44,"31,552,200"
5-Jul-20,201.34,207.79,195,205.56,183.23,"16,785,800"
28-Jun-20,191.38,203,188.66,197.4,175.96,"12,158,300"
21-Jun-20,200.99,207.51,188.51,189.19,168.64,"20,012,600"
14-Jun-20,195.73,214.98,195.15,201.63,179.73,"15,378,900"
7-Jun-20,220.02,222.26,194.02,201.78,179.86,"17,134,100"
31-May-20,197.31,222.98,195.12,217.92,194.25,"18,091,300"
24-May-20,185.63,211.31,185.22,196.49,174.06,"22,862,000"
17-May-20,177.71,183.83,175.24,179.93,159.39,"13,646,100"
10-May-20,182.54,184.85,165.36,171.87,152.25,"16,251,200"
3-May-20,175,185.91,171.72,185.39,164.22,"13,429,000"
26-Apr-20,179.1,193.72,176.65,177.1,156.88,"14,519,700"
19-Apr-20,179.7,186.32,173.49,177,156.79,"14,846,000"
12-Apr-20,183.85,185.28,169.15,183.49,162.54,"25,055,500"
5-Apr-20,155.47,187.33,153.77,184.26,163.22,"21,283,500"
29-Mar-20,158.52,161.1,141.67,146.93,130.15,"19,678,600"
22-Mar-20,136.03,167.66,133.26,158.34,140.26,"31,656,700"
15-Mar-20,150.23,169.54,130.85,138.41,122.61,"37,417,000"
8-Mar-20,173.58,185.4,150,177.17,156.94,"33,287,000"
1-Mar-20,201.41,211.79,189.28,192.85,170.83,"23,706,500"
23-Feb-20,223.23,226.69,194.85,200.77,176.77,"26,228,900"
16-Feb-20,236.55,237.8,228.37,230.62,203.05,"11,208,900"
9-Feb-20,237.4,241.18,235.46,237.08,208.74,"10,129,300"
2-Feb-20,238.36,245.77,236.55,238,209.55,"14,144,200"
26-Jan-20,236.37,246.5,235.01,237.75,209.33,"16,085,300"
19-Jan-20,247.21,248.85,240.6,241.92,213,"10,207,500"
12-Jan-20,244.44,250.46,239.16,249.46,219.64,"20,150,000"
5-Jan-20,229.93,243.4,229.49,242.11,213.16,"18,378,000"
29-Dec-19,231.68,234.64,228.67,231.58,203.89,"8,952,500"
22-Dec-19,229.66,232.21,228.37,230.66,203.08,"5,186,000"
15-Dec-19,228.5,232.2,227.87,228.93,201.56,"15,222,800"
8-Dec-19,224.61,227.99,220.55,225,198.1,"10,649,800"
1-Dec-19,220.97,225.4,210,224.61,197.76,"12,467,900"
24-Nov-19,220.89,224.28,220.41,221.35,193.79,"6,493,100"
17-Nov-19,219.73,220.71,216.4,220.28,192.86,"8,805,000"
10-Nov-19,220.9,221.41,217.01,220.25,192.83,"9,578,300"
3-Nov-19,219.7,224.77,216.55,222.91,195.16,"12,285,600"
27-Oct-19,216.32,219.28,211.32,217.39,190.33,"10,312,000"
20-Oct-19,208.67,215.42,207.68,214.23,187.56,"9,246,000"
13-Oct-19,203.83,208.93,198.61,206.52,180.81,"19,017,300"
6-Oct-19,200.79,207.29,195.92,204.68,179.2,"12,742,900"
29-Sep-19,209.71,209.71,193.99,200.8,175.8,"14,273,100"
22-Sep-19,212.85,214.2,206.8,208.97,182.96,"9,132,900"
15-Sep-19,217.82,219.33,212.54,213.74,187.13,"14,164,600"
8-Sep-19,209.22,221.5,208.44,219.9,192.52,"12,872,800"
1-Sep-19,201.1,208.93,196.58,207.21,181.41,"8,030,900"
25-Aug-19,198.27,205.21,196.25,203.91,177.41,"7,739,400"
18-Aug-19,203.81,204.45,195.19,196.2,170.7,"7,828,900"
11-Aug-19,203.28,206.6,193.71,199.42,173.51,"10,480,900"
4-Aug-19,205.82,208.3,199.05,206.9,180.01,"11,730,100"
28-Jul-19,221,222.13,205.31,209.37,182.16,"10,581,600"
21-Jul-19,213.4,222.24,212.31,222.14,193.27,"13,498,900"
14-Jul-19,214.11,217.33,209.79,213.52,185.77,"15,147,800"
7-Jul-19,206.36,214.19,203.54,213.94,186.14,"11,763,400"
30-Jun-19,208,209.85,204.16,207.9,180.88,"6,577,300"
23-Jun-19,196.53,205.84,194.01,204.6,178.01,"12,642,100"
16-Jun-19,192.02,198.34,190.67,195.94,170.48,"11,830,200"
9-Jun-19,191.4,197,189.31,191.66,166.75,"8,878,900"
2-Jun-19,181.7,190.74,180.73,189.81,165.14,"10,738,500"
26-May-19,192,193.31,182.31,182.49,158.06,"10,415,200"
19-May-19,197.09,199.32,189.56,193,167.17,"12,059,500"
12-May-19,197.9,200,193.42,197.43,171,"12,276,400"
5-May-19,202.8,206.98,197.91,202.05,175,"11,007,700"
28-Apr-19,203.5,208.75,203.12,207.52,179.74,"10,224,100"
21-Apr-19,205.12,205.59,199.1,203.08,175.9,"11,936,800"
14-Apr-19,204.11,208.5,199.24,205.91,178.35,"18,539,400"
7-Apr-19,202.79,209.97,198.86,207.84,180.02,"14,098,200"
31-Mar-19,194,205.5,193.61,202.38,175.29,"14,066,900"
24-Mar-19,189.33,193.11,186.5,191.99,166.29,"13,981,100"
17-Mar-19,199.18,206.45,187.78,188.96,163.67,"21,407,900"
10-Mar-19,197.23,198.97,195.69,198.26,171.72,"11,018,400"
3-Mar-19,198.81,200.83,189.71,195.24,169.11,"14,000,200"
24-Feb-19,198,201.5,196.01,198.2,170.98,"12,881,000"
17-Feb-19,196.66,199.45,195.05,196,169.08,"10,236,700"
10-Feb-19,192.88,198.89,189.44,198.5,171.24,"13,137,100"
3-Feb-19,195.8,199.33,188.22,191.67,165.35,"12,770,600"
27-Jan-19,197.99,203.29,196.54,196.54,169.55,"16,615,700"
20-Jan-19,200.5,201.47,194.53,200.74,173.17,"13,966,000"
13-Jan-19,174.52,203,174.1,202.54,174.72,"35,295,600"
6-Jan-19,175.23,178.1,172.27,176.93,152.63,"15,157,600"
30-Dec-18,163.78,176,163.35,175.05,151.01,"16,397,900"
23-Dec-18,159,165.95,151.7,163.03,140.64,"19,921,700"
16-Dec-18,169.4,174.85,159.42,160.05,138.07,"34,310,900"
9-Dec-18,178.6,184.43,172.37,172.77,149.04,"22,006,400"
2-Dec-18,194,195.66,179,179.67,154.99,"19,011,200"
25-Nov-18,191.17,198.45,188.12,190.69,163.84,"18,137,300"
18-Nov-18,201.83,202.3,188.94,189.1,162.47,"14,907,200"
11-Nov-18,222,222.31,198.44,202.12,173.66,"30,836,300"
4-Nov-18,228.32,234.06,222.3,222.65,191.3,"14,481,600"
28-Oct-18,214.15,231.69,212.05,229.69,197.35,"17,801,800"
21-Oct-18,226.93,228.87,208.4,212.36,182.46,"16,945,300"
14-Oct-18,214.45,228.9,213.05,226.96,195,"19,966,200"
7-Oct-18,224.26,226.92,210.95,213.87,183.75,"18,720,000"
30-Sep-18,226.22,231.4,223.97,225.71,193.93,"11,923,900"
23-Sep-18,234.74,235.74,223.8,224.24,192.66,"11,982,200"
16-Sep-18,229.4,238.52,226.57,235.34,202.2,"14,396,700"
9-Sep-18,235.01,235.5,227.3,229.24,196.96,"13,477,100"
2-Sep-18,237.76,239.45,232.68,233.91,200.97,"8,779,800"
26-Aug-18,236.99,245.08,236.56,237.81,203.65,"12,898,800"
19-Aug-18,234.13,239.67,234.08,235.11,201.34,"10,925,900"
12-Aug-18,229.49,233.72,226.57,233.38,199.85,"12,785,700"
5-Aug-18,234.14,239.46,228.11,229.61,196.63,"13,996,800"
29-Jul-18,238,239.73,232.77,234.09,200.46,"13,101,100"
22-Jul-18,231.8,238.8,231.72,237.64,203.5,"11,741,100"
15-Jul-18,227.2,233.72,226.74,231.69,198.41,"26,023,300"
8-Jul-18,223.36,228.87,223,226.41,193.89,"12,560,300"
1-Jul-18,219.75,224.64,218.89,221.79,189.93,"6,992,200"
24-Jun-18,224.5,225.47,219.12,220.57,188.88,"16,081,100"
17-Jun-18,230.2,231.67,224.57,226.02,193.55,"14,158,800"
10-Jun-18,234.62,238.23,229.84,231.92,198.6,"15,291,900"
3-Jun-18,230.35,235.92,227.29,233.39,199.86,"11,844,300"
27-May-18,231.52,232.47,224.09,228.35,194.86,"17,338,000"
20-May-18,239.1,240.7,233.65,235.01,200.54,"11,911,500"
13-May-18,243.6,245.88,236.87,237,202.24,"11,221,100"
6-May-18,236,245.42,235.28,242.92,207.29,"11,819,500"
29-Apr-18,240.97,243.07,227.4,234.94,200.48,"16,904,900"
22-Apr-18,251.66,252.75,237.51,239.8,204.63,"18,550,300"
15-Apr-18,257.13,262.25,251.48,251.96,215,"24,837,200"
8-Apr-18,251.48,262.5,249.17,255.92,218.38,"15,777,900"
1-Apr-18,251.26,258,243.77,249.97,213.31,"14,318,000"
25-Mar-18,250.65,257.06,244.37,251.86,214.92,"12,502,800"
18-Mar-18,266.99,267.5,244.93,245.26,209.29,"14,882,800"
11-Mar-18,271,275.31,263.91,267.6,228.35,"14,202,000"
4-Mar-18,256.46,271.09,256.24,270.77,231.06,"14,148,500"
25-Feb-18,267.5,273.12,252.1,258.12,219.64,"15,602,600"
18-Feb-18,266.89,270,260.72,266.77,227.01,"10,822,300"
11-Feb-18,251.15,269.28,248.82,267.62,227.73,"16,312,400"
4-Feb-18,257.51,263.3,239.29,249.3,212.14,"27,538,200"
28-Jan-18,269.04,273.79,259.35,260.04,221.28,"20,863,800"
21-Jan-18,255.45,270.5,255.19,268.14,228.17,"22,172,700"
14-Jan-18,259.25,262,248.84,256.12,217.94,"22,681,500"
7-Jan-18,254.75,257.3,251.62,257.03,218.72,"13,776,600"
31-Dec-17,257.77,259.72,253.22,255.52,217.43,"10,424,400"
24-Dec-17,258.19,259.2,252.91,254.76,216.79,"6,677,500"
17-Dec-17,260,262.14,254.55,258.97,220.37,"12,261,900"
10-Dec-17,250,260.5,248.76,257.17,218.84,"17,077,300"
3-Dec-17,254.89,254.9,244.4,250.35,213.03,"12,810,400"
26-Nov-17,235.75,250.79,234.33,248.95,211.18,"20,842,500"
19-Nov-17,238.78,239.59,235.55,235.95,200.15,"7,670,200"
12-Nov-17,237.97,240.9,233.55,238.02,201.91,"12,648,900"
5-Nov-17,243.5,244.98,237.55,240.15,203.71,"10,546,500"
29-Oct-17,240.1,247.74,239.53,244.4,207.32,"11,856,400"
22-Oct-17,244.39,246.5,239.67,241.71,205.04,"11,213,200"
15-Oct-17,238.6,245.25,235.19,244.73,207.6,"20,027,200"
8-Oct-17,245.15,246.35,236.84,238.53,202.34,"11,167,200"
1-Oct-17,237.2,247.08,237.1,246.02,208.69,"12,269,900"
24-Sep-17,230.77,237.6,228.36,237.19,201.2,"11,128,000"
17-Sep-17,226.3,232.1,225.66,231.03,195.98,"10,669,700"
10-Sep-17,220.07,228.1,218.99,225.22,191.05,"15,453,200"
3-Sep-17,223.85,224,214.64,217.21,184.25,"15,975,300"
27-Aug-17,222.91,227.56,215.75,225.88,190.96,"12,009,600"
20-Aug-17,222.4,224.95,219.21,222.47,188.07,"11,288,100"
13-Aug-17,226.37,230.61,220.55,222.15,187.8,"13,136,600"
6-Aug-17,229.8,235.83,222.65,224.15,189.49,"15,985,500"
30-Jul-17,223.95,229.79,223.05,229.79,194.26,"12,351,700"
23-Jul-17,218.94,223.74,218,223.61,189.04,"14,720,800"
16-Jul-17,228.73,230.36,219.09,220.18,186.14,"20,781,500"
9-Jul-17,224.27,230.64,223.96,228.6,193.26,"14,223,900"
2-Jul-17,224.46,230.06,223.42,225.28,190.45,"11,392,800"
25-Jun-17,218.26,228.79,217.7,221.9,187.59,"17,189,400"
18-Jun-17,223.43,227.04,216.46,217.19,183.61,"15,973,700"
11-Jun-17,223.63,226.94,221.13,221.81,187.52,"16,946,100"
4-Jun-17,213.08,223.85,212.48,222.44,188.05,"16,488,300"
28-May-17,221.83,222.44,209.62,213.31,179.72,"19,159,700"
21-May-17,217.37,225.45,214.66,223.53,188.34,"14,383,600"
14-May-17,223.13,226.82,213.12,215.39,181.48,"20,244,000"
7-May-17,226.75,227.34,222.15,222.82,187.74,"11,699,000"
30-Apr-17,224.9,228.89,220.93,226.87,191.15,"14,020,600"
23-Apr-17,221.18,229.36,220.3,223.8,188.56,"18,858,100"
16-Apr-17,223.9,226.88,213.18,216.86,182.72,"32,097,600"
9-Apr-17,228,229.79,223.08,223.32,188.16,"12,629,800"
2-Apr-17,230,232.89,225.57,227.88,192,"17,845,700"
26-Mar-17,223.3,232,220.85,229.72,193.55,"22,317,200"
19-Mar-17,243.32,244.93,226.97,228.41,192.45,"25,869,300"
12-Mar-17,249.32,250.28,243.86,243.94,205.53,"15,751,000"
5-Mar-17,252.17,254.77,246.87,248.38,209.27,"14,966,100"
26-Feb-17,247.21,255.15,245.61,252.89,212.52,"17,401,700"
19-Feb-17,251,252.65,246.1,247.35,207.86,"11,333,800"
12-Feb-17,244.49,251.95,244.49,250.38,210.41,"16,984,900"
5-Feb-17,239.6,244.16,236.31,242.72,203.97,"16,667,700"
29-Jan-17,235.58,241.11,227.05,240.95,202.48,"23,140,900"
22-Jan-17,231.86,240.79,230.75,236.95,199.12,"18,749,900"
15-Jan-17,242.94,243.06,230.54,232.2,195.13,"23,641,300"
8-Jan-17,243.25,247.77,239.05,244.3,205.3,"18,196,700"
1-Jan-17,242.7,246.2,236.78,244.9,205.8,"14,266,600"
